Song_ID,Song_Name,Artist,Metre,Tonic
"1","I Don't mind","James Brown","6/8","C"
"2","You've got a Friend","Roberta Flack and Donny Hathaway","4/4","Ab"
"3","The Rose","Bette Midler","4/4","C"
"4","An Innocent Man","Billy Joel","4/4","C"
"5","Lookin' for Love ","Johnny Lee","4/4","D"
"6","Last Child","Aerosmith","4/4","Eb"
"7","She Bop","Cyndi Lauper","4/4","A"
"8","Kiss On My List","Hall & Oates","4/4","C"
"9","Here's Some Love","Tanya Tucker","4/4","Db"
"10","Just Can't Wait","The J. Geils Band","4/4","G"
"11","Never My Love","The 5th Dimension","4/4","G"
"12","And She Was","Talking Heads","4/4","E"
"13","Chicago ","Graham Nash","4/4","A"
"14","Swing Talkin' Guy","Chiffons","4/4","B"
"15","Rock 'n' Roll Fantasy ","Bad Company","4/4","E"
"16","The Joker ","Steve Miller Band","4/4","F"
"17","Indiana Wants Me","R Dean Tayloy","4/4","Ab"
"18","Crazy On You","Heart","4/4","A"
"19","Yvonne Elliman","If I Can't Have You","4/4","C"
"20","Jimi Hendrix","Freedom","4/4","C"
"21","Foggy Mountain Breakdown","Flatt & Scruggs","4/4","Ab"
"22","It's Only Rock and Roll (But I Like It) ","Rolling Stones","4/4","E"
"23","The Power","Snap","4/4","B"
"24","Absolutely Right","Five Man Electrical Band","4/4","A"
"25","Two Hearts","Phil Collins","4/4","G"
"26","Some Like It Hot","The Power Station","4/4","E"
"27","I'll Take You There","The Staple Singers","4/4","C"
"28","People","Barbara Streisand","4/4","A"
"29","Love Me Do","Beatles","4/4","G"
"30","Carrie","Cliff Richard","4/4","D"
"31","Over The Hills and Far Away","Led Zeppelin","4/4","G"
"32","Last Kiss","J. Frank Wilson & The Cavaliers","4/4","E"
"33","Smoking Gun","The Robert Cray Band","4/4","E"
"34","I Love You So","Bobbi Martin","4/4","Bb"
"35","Is That All There Is","Peggy Lee","3/4","C"
"36","I Put A Spell On You","Creedence Clearwater Revival","12/8","E"
"37","Hurts To Be In Love","Gino Vanelli","4/4","E"
"38","Cry Softly Lonely One","Roy Orbison","4/4","G"
"39","Do You Love Me","The Contours","4/4","F"
"40","Bongo Stomp","Little Joey & The Flips","4/4","Eb"
"41","Black Cars","Gino Vannelli","4/4","E"
"42","Hot Fun In The Summertime","Sly & The Family Stone","4/4","C"
"43","Paradise by the Dashboard Light","Meatloaf","4/4","C"
"44","Get Together","The Youngbloods","4/4","A"
"45","Crazy On You","Heart","4/4","A"
"46","Nowhere To Run ","Martha Reeves & The Vandellas","4/4","Ab"
"47","Drivin' Wheel","Foghat","4/4","D"
"48","Reminiscing","Little River Band","4/4","D"
"49","Dial My Heart","The Boys","4/4","A"
"50","Cold Sweat - Part 1","James Brown","4/4","D"
"51","You Can Call Me Al","Paul Simon","4/4","F"
"52","Red Red Wine","UB40","4/4","Db"
"53","I Just Can't Stop Loving You","Michael Jackson","4/4","C"
"54","Space Oddity","David Bowie","4/4","E"
"55","Buy For Me The Rain","Nitty Gritty Dirt Band","4/4","C"
"56","Fire And Ice","Pat Benetar","4/4","C"
"57","True","Spandau Ballet","4/4","G"
"58","Shock the Monkey","Peter Gabriel","4/4","D"
"59","Wild Horses","Rolling Stones","4/4","G"
"60","Drivin' Wheel","Foghat","4/4","D"
"61","Motown Philly ","Boyz II Men","4/4","D"
"62","A Trick Of The Night","Bananarama","4/4","C"
"63","Maggie May","Rod Stewart","4/4","D"
"64","A Lesson in Leavin","Dottie West","4/4","B"
"65","For The Good Times","Ray Price","4/4","Eb"
"66","We Two","Little River Band","4/4","A"
"67","The Spirit of Radio","Rush","4/4","E"
"68","If","Bread","4/4","A"
"69","Sweet Home Alabama","Lynyrd Skynyrd","4/4","G"
"70","Ma belle amie","The tee set","4/4","G"
"71","Eight Miles High ","The Byrds","4/4","E"
"72","Letter Full of Tears","Gladys Knight & The Pips","4/4","E"
"73","Sunshine of Your Love","Cream","4/4","D"
"74","Sweet Little Rock N' Roll","Chuck Berry","4/4","G"
"75","Let It Rain","Eric Clapton","4/4","D"
"76","Stand By Me","David Ruffin, Jimmy Ruffin","4/4","G"
"77","Be My Baby","The Ronettes","4/4","E"
"78","Have You Ever Loved Somebody","Freddie Jackson","4/4","E"
"79","Silent Night","Bing Crosby","3/4","Ab"
"80","Promises","Eric Clapton","4/4","G"
"81","Willie Nelson","Blue Eyes Cryin' ","4/4","E"
"82","Stop the Wedding","Etta James","12/8","Bb"
"83","Brandy","Looking Glass","4/4","E"
"84","Tumbling Dice","The Rolling Stones","4/4","B"
"85","I wouldn't Have Missed it For The World","Ronnie Milsap","4/4","G"
"86","Detroit City","Bobby Bare","4/4","E"
"87","I Had Too Much To Dream","Electric Prunes","4/4","D"
"88","The Way You Do The Things You Do","UB40","4/4","Ab"
"89","La Grange","ZZ Top","4/4","A"
"90","Shock the Monkey","Peter Gabriel","4/4","D"
"91","Runaround Sue","Dion","4/4","D"
"92","Wheels ","The String-A-Longs","4/4","F"
"93","Spirits In The Material World","The Police","4/4","A"
"94","Just When I Needed You Most","Randy Vanwarmer","4/4","A"
"95","What's Love Got To Do With It","Tina Turner","4/4","G#"
"96","Walk Right Back","The Everly Brothers","4/4","Db"
"97","Lonely Eyes","Robert John","4/4","F"
"98","Forever Man","Eric Clapton","4/4","D"
"99","Sleep Walk","Santo & Johnny","6/8","Db"
"100","Something About You","Level 42","4/4","E"
"101","Little Sister","Elvis Presley ","4/4","E"
"102","If you need me","Solomon Burke ","4/4","A"
"103","Sweet Nothin's","Brenda Lee","4/4","G"
"104","No Charge","Melba Montgomery","3/4","G"
"105","The Animals ","San Franciscan Nights ","4/4","C"
"106","Don Gibson","Sea of Heartbreak ","4/4","G"
"107","Golden Earring","Twilight Zone","4/4","B"
"108","If you need me","Solomon Burke ","4/4","A"
"109","Chicago","25 or 6 to 4","4/4","A"
"110","I've Got Love On My Mind","Nathalie Cole","4/4","Db"
"111","You Can't Judge A Book By The Cover","Bo Diddley","4/4","Ab"
"112","Gordon Lightfoot","Beautiful ","4/4","B"
"113","Naked Eyes","Always Something There to Remind Me","4/4","D"
"114","Annie's Song","John Denver","3/4","D"
"115","Chiquitita","ABBA","4/4","A"
"116","Always on My Mind","Pet Shop Boys","4/4","G"
"117","Just A Dream","Jimmy Clanton","12/8","G"
"118","Help Is On The Way","Little River Band","4/4","B"
"119","I Want You To Want Me","Cheap Trick","4/4","A"
"120","Never Can Say Goodbye","Gloria Gaynor","4/4","C"
"121","People Got To Be Free","The Rascals","4/4","F"
"122","Unforgettable","Dinah Washington","12/8","F"
"123","Shadow Dancing","Andy Gibb","4/4","G"
"124","Willie And The Hand Jive","Eric Clapton","4/4","A"
"125","Schoool's out","Alice Cooper","4/4","F#"
"126","Love Me Warm And Tender","Paul Anka","4/4","D"
"127","Along Comes A Woman","Chicago","4/4","D"
"128","Could I Have This Dance","Anne Murray","3/4","B"
"129","Love Train","The O'Jays","4/4","C"
"130","Wonderful World, Beautiful People","Jimmy Cliff","4/4","D"
"131","I Want To Take You Higher","Ike & Tina Turner","4/4","Ab"
"132","Pressure","Billy Joel","4/4","D"
"133","Maybe I'm Amazed","Paul McCartney","4/4","D"
"134","Back in the High Life Again","Steve Winwood","4/4","D"
"135","Another Rainy Day in New York City","Chicago","4/4","A"
"136","Already Gone","The Eagles","4/4","G"
"137","She's A Lady","Tom Jones","4/4","D"
"138","It's Gonna Work Out Fine","Ike & Tina Turner","4/4","C"
"139","Comin' Home Baby","Mel Torme","4/4","G"
"140","The Right Time","Ray Charles","4/4","Eb"
"141","Magic Man","Heart","4/4","G"
"142","Do your thing","Isaac Hayes","4/4","F"
"143","Jessie's Girl","Rick Springfield","4/4","D"
"144","Fernando","Abba","4/4","A"
"145","Ramblin' Rose","Nat King Cole","4/4","A"
"146","Feel Like Making Love","Roberta Flack","4/4","Eb"
"147","For Ol' Times Sake","Elvis Presley","4/4","Bb"
"148","Wanna Be Startin' Somethin'","Michael Jackson","4/4","D"
"149","Galveston","Glen Campbell","4/4","F"
"150","Promises In The Dark","Pat Benatar","4/4","F"
"151","Still Cruisin","The Beach Boys","4/4","F"
"152","Honky Tonk Women","The Rolling Stones","4/4","G"
"153","Knowing Me, Knowing You","ABBA","4/4","D"
"154","Life Is A Carnival","The Band","4/4","E"
"155","Back Home Again","John Denver","4/4","E"
"156","Tonight, Tonight, Tonight","Genesis","4/4","D"
"157","You Decorated My Life","Kenny Rogers","4/4","G"
"158","Sail On Sailor","The Beach Boys","4/4","G"
"159","Just The Way You Are","Billy Joel","4/4","D"
"160","White Christmas","Bing Crosby","4/4","A"
"161","Because I Love You","Stevie B","4/4","Db"
"162","Have You Seen Your Mother, Baby, Standing In The Shadow? ","The Rolling Stones","4/4","G"
"163","It Amazes Me","John Denver","4/4","D"
"164","Rhinestone Cowboy","Glen Campbell","4/4","C"
"165","Last Kiss","J. Frank Wilson & The Cavaliers","4/4","E"
"166","I'd Love To Change The World","Ten Years After","4/4","E"
"167","Old Time Rock & Roll","Bob Seger","4/4","F#"
"168","Handy Man","Jimmy Jones","4/4","Bb"
"169","Theme From Electric Surfboard","Brother Jack McDuff","4/4","Bb"
"170","Love Came To Me","Dion","4/4","G"
"171","Sanctify Yourself","Simple Minds","4/4","G"
"172","Smokin' In The Boys Room","Brownsville station","4/4","D"
"173","Shape Of Things To Come","Max Frost & The Troopers","4/4","F"
"174","Don t Treat Me Bad","Firehouse","4/4","Ab"
"175","Born To Be Alive","Patrick Hernandez","4/4","D"
"176","She's A Lady","Tom Jones","4/4","D"
"177","In-A-Gadda-Da-Vida","Iron Butterfly","4/4","D"
"178","Last Kiss","Wednesday","4/4","E"
"179","Dandelion","Rolling Stones","4/4","Bb"
"180","(Last Night) I Didn't Get To Sleep At All","The 5th Dimension","4/4","Ab"
"181","Worried Guy","Johnny Tillotson","4/4","G"
"182","Time For Me To Fly","REO Speedwagon","4/4","D"
"183","Money","Pink Floyd","7/4","B"
"184","In My Room","The Beach Boys","4/4","B"
"185","Addicted to Love","Robert Palmer","4/4","A"
"186","Promises In The Dark","Pat Benatar","4/4","F"
"187","Patches","Clarence Carter","4/4","B"
"188","Waiting On A Friend","Rolling Stones","4/4","C"
"189","Born To Be Alive","Patrick Hernandez","4/4","D"
"190","It Takes Two","Marvin Gaye & Kim Weston","4/4","Bb"
"191","There's the Girl","Heart","4/4","B"
"192","Gotta Serve Somebody","Bob Dylan","4/4","A"
"193","These Boots Are Made For Walkin'","Nancy Sinatra","4/4","F"
"194","As Usual","Brenda Lee","4/4","Db"
"195","Guitar Man","Elvis Presley","4/4","Db"
"196","Long Dark Road","The Hollies","4/4","E"
"197","The Way You Do The Things You Do","Rita Coolidge","4/4","E"
"198","Chicago","25 or 6 to 4","4/4","A"
"199","Every Little Thing She Does Is Magic","The Police","4/4","D"
"200","Mr. Bojangles","Jerry Jeff Walker","3/4","D"
"201","Just The Way You Are","Billy Joel","4/4","D"
"202","Lyin' Eyes","Eagles","4/4","G"
"203","That's the Way I Feel About Cha","Bobby Womack","4/4","D"
"204","Here I Go Again","Whitesnake","4/4","G"
"205","Do You Want To Know A Secret","The Beatles","4/4","E"
"206","Break It To Me Gently ","Juice Newton","12/8","E"
"207","The Humpty Dance ","Digital Underground ","4/4","Eb"
"208","In The Navy","Village People ","4/4","G"
"209","Cruisin'","Smokey Robinson","4/4","E"
"210","You Can't Roller Skate In A Buffalo Herd","Roger Miller","4/4","G"
"211","All Through The Night","Cyndi Lauper","4/4","Ab"
"212","The Other Guy","Little River Band","4/4","F"
"213","Daydream Believer","Anne Murray","4/4","Bb"
"214","I Got You (I Feel Good)","James Brown","4/4","D"
"215","Come And Get Your Love","Redbone","4/4","D"
"216","Dream Police","Cheap Trick ","4/4","E"
"217","Wheels ","The String-A-Longs","4/4","F"
"218","I Want You","Marvin Gaye","4/4","C#"
"219","Floy Joy","The Supremes","4/4","F"
"220","Bird Dog","The Everly Brothers","4/4","B"
"221","Dream Police","Cheap Trick ","4/4","E"
"222","When Will I Be Loved","Linda Ronstadt","4/4","E"
"223","Let Me Get To Know You","Paul Anka","4/4","E"
"224","My Boy","Elvis Presley","4/4","D"
"225","Smoking Gun","The Robert Cray Band","4/4","E"
"226","Where Do You Wanna Go","The Fifth Dimension","4/4","G"
"227","Jungle Boogie","Kool and the Gang","4/4","G"
"228","Waiting On A Friend","Rolling Stones","4/4","C"
"229","Somebody s Watching Me","Rockwell","4/4","C#"
"230","Do You Love Me","The Contours","4/4","F"
"231","Your Love Has Lifted Me Higher","Rita Coolidge","4/4","Db"
"232","Through The Years","Kenny Rogers","4/4","G"
"233","Deeper Shade Of Soul","Urban Dance Squad","4/4","D"
"234","Easy","The Commodores","4/4","Ab"
"235","If I Were Your Woman","Gladys Night & The Pips","4/4","F#"
"236","Doo Doo Doo Doo Doo","The Rolling Stones","4/4","E"
"237","Living It Down ","Freddy Fender","4/4","C"
"238","Sunflower","Glen Campbell","4/4","G"
"239","The Best","Tina Turner","4/4","F"
"240","Don t Treat Me Bad","Firehouse","4/4","Ab"
"241","Roll On Down The Highway","Bachman-Turner Overdrive","4/4","D"
"242","Good Vibrations","Marky Mark & The Funky Bunch","4/4","Ab"
"243","I Can't Drive 55","Sammy Hagar","4/4","E"
"244","Philadelphia Freedom","Elton John","4/4","Bb"
"245","I Rise, I Fall","Johnny Tillotson","4/4","E"
"246","Dum Dum","Brenda Lee","4/4","Db"
"247","Superman","Donna Fargo","4/4","B"
"248","Just Like Heaven","The Cure","4/4","A"
"249","I Want To Take You Higher","Ike & Tina Turner","4/4","Ab"
"250","This Song","George Harrison","4/4","E"
"251","Last Kiss","Wednesday","4/4","E"
"252","Evil Ways","Santana","4/4","G"
"253","Feelin' Stronger Every Day","Chicago","4/4","F"
"254","Undercover Angel","Alan O'Day","4/4","Bb"
"255","Kind Of A Drag","The Buckinghams","4/4","G"
"256","Kisses On The Wind","Neneh Cherry","4/4","D"
"257","Losing You","Brenda Lee","12/8","E"
"258","Scarlet Fever","Kenny Rogers","4/4","D"
"259","I Can't Stand The Rain","Ann Peebles","4/4","Ab"
"260","The Humpty Dance ","Digital Underground ","4/4","Eb"
"261","Best Thing That Ever Happened To Me","Gladys Knight & The Pips","4/4","A"
"262","Hocus Pocus","Focus","4/4","A"
"263","Where The Streets Have No Names","Pet Shop Boys","4/4","Bb"
"264","Sunshine Superman ","Donovan","4/4","Db"
"265","If you love somebody set them free","Sting","4/4","D"
"266","Hold On","Wilson Phillips","4/4","F"
"267","I Really Don't Want To Know","Elvis Presley","3/4","C"
"268","Time Is On My Side","Rolling Stones","12/8","F"
"269","Tenderness","General Public","4/4","C"
"270","Young Hearts Run Free","Candi Staton","4/4","Eb"
"271","It's Your Thing","The Isley Brothers","4/4","F"
"272","Misunderstanding","Genesis","4/4","C"
"273","Here Come Those Tears Again","Jackson Browne","4/4","Bb"
"274","Fever","Peggy Lee","4/4","A"
"275","Kozmic Blues","Janis Joplin","6/8","A"
"276","One Night","Elvis Presley","12/8","E"
"277","Woman To Woman","Shirley Brown","4/4","Eb"
"278","The Goonies `R Good Enough ","Cyndi Lauper","4/4","E"
"279","Last Kiss","J. Frank Wilson & The Cavaliers","4/4","E"
"280","I Never Loved A Man","Aretha Franklin","3/4","F"
"281","He's A Rebel","The Crystals","4/4","F"
"282","Amie","Pure Prairie League","4/4","A"
"283","Wild Horses","Gino Vannelli","4/4","Bb"
"284","Jimmy's Girl","Johnny Tillotson","4/4","Db"
"285","Sunday Morning Sunshine","Harry Chapin","4/4","E"
"286","Someone ","The Rembrandts","4/4","B"
"287","Golden Years","David Bowie","4/4","Gb"
"288","(You're So Square) Baby, I Don't Care","Joni Mitchell","4/4","G"
"289","Chain Of Fools","Aretha Franklin","4/4","C"
"290","Blow Away","George Harrison","4/4","D"
"291","Pinball Wizard","The Who","4/4","D"
"292","See See Rider","LaVern Baker","4/4","Db"
"293","I m Goin Down","Bruce Springsteen","4/4","A"
"294","Bluebirds Over The Mountain","The Beach Boys","4/4","A"
"295","Put Your Hand In The Hand","Ocean","4/4","E"
"296","I Want a New Drug","Huey Lewis & The News","4/4","A"
"297","One Bad Apple","The Osmonds","4/4","C"
"298","If I Could Reach You","The 5th Dimension","4/4","Bb"
"299","Where Or When","Dion","4/4","Ab"
"300","Ruby Baby","Dion","4/4","E"
"301","World In My Eyes","Depeche Mode","4/4","Eb"
"302","Better Things","The Kinks","4/4","D"
"303","I Really Don't Want To Know","Elvis Presley","3/4","C"
"304","Old Days","Chicago","4/4","C"
"305","Back Home Again","John Denver","4/4","E"
"306","Jump (for My Love)","The Pointer Sisters","4/4","A"
"307","Jessie's Girl","Rick Springfield","4/4","D"
"308","Got It Made","Crosby Stills and Nash","4/4","C"
"309","Don't Say You Love Me","Billy Squier","4/4","F#"
"310","Feel Like Making Love","Roberta Flack","4/4","Eb"
"311","Walk On The Wild Side (Part 1)","Jimmy Smith","12/8","F"
"312","With a Little Luck","Paul McCartney","4/4","E"
"313","Not Fade Away","Rolling Stones","4/4","E"
"314","Addicted to Love","Robert Palmer","4/4","A"
"315","On Broadway","The Drifters","4/4","F#"
"316","Seasons Of The Heart","John Denver","4/4","C"
"317","Flesh For Fantasy","Billy Idol","4/4","B"
"318","Give To Live","Sammy Hagar","4/4","D"
"319","Little Bit O' Soul","The Music Explosion","4/4","F#"
"320","Ain't Too Proud To Beg","The Temptations","4/4","C"
"321","In Your Soul","Corey Hart","4/4","A"
"322","As Usual","Brenda Lee","4/4","Db"
"323","Sweet Music Man","Kenny Rogers","4/4","D"
"324","Come Together","The Beatles","4/4","D"
"325","Silver Threads And Golden Needles","The Cowsills","4/4","F"
"326","Daydream Believer","Anne Murray","4/4","Bb"
"327","I Adore Mi Amor","Color Me Badd","4/4","Eb"
"328","Carrie-Anne","The Hollies","4/4","C"
"329","One Last Kiss","J. Geils Band","4/4","D"
"330","Wendy","The Beach Boys","4/4","F"
"331","Give It To Me Baby","Rick James","4/4","G"
"332","Baby, Baby Don't Cry","The Miracles","4/4","F"
"333","I'm In Love","Evelyn "Champagne" King","4/4","C"
"334","Right Place Wrong Time","Dr. John","4/4","Eb"
"335","Heart in Hand","Brenda Lee","4/4","C"
"336","Rich Girl","Hall and Oates","4/4","F"
"337","My Thang","James Brown","4/4","F"
"338","Don't stand so close to me","Police","4/4","Eb"
"339","I Don't Need You","Kenny Rogers","4/4","Db"
"340","City In The Sky","The Staple Singers","4/4","D"
"341","The Battle Of New Orleans","Johnny Horton","4/4","A"
"342","Last Dance","Donna Summer","4/4","Eb"
"343","I've Been Loving You Too Long (To Stop Now)","Otis Redding","6/8","A"
"344","Good Vibrations","Marky Mark & The Funky Bunch","4/4","Ab"
"345","The Joker ","Steve Miller Band","4/4","F"
"346","After the Lovin'","Engelbert Humperdinck","6/8","C"
"347","Still","Commodores","4/4","Db"
"348","For Ol' Times Sake","Elvis Presley","4/4","Bb"
"349","How Blue Can You Get","B.B. King","4/4","D"
"350","Oh My Angel","Bertha Tillman","6/8","C"
"351","Going To A Go-Go","The Rolling Stones","4/4","E"
"352","Fool That I Am","Etta James","4/4","Db"
"353","Those Lazy-Hazy-Crazy Days Of Summer","Nat King Cole","4/4","Bb"
"354","Years Ago","George Harrison","4/4","D"
"355","Suite","Crosby, Stills & Nash","4/4","E"
"356","The Humpty Dance ","Digital Underground ","4/4","Eb"
"357","Young Hearts Run Free","Candi Staton","4/4","Eb"
"358","Private Dancer","Tina Turner","4/4","G"
"359","Trampled Under Foot","Led Zeppelin","4/4","G"
"360","Love Comes Quickly","Pet Shop Boys","4/4","B"
"361","Crystal Blue Persuasion","Tommy James","4/4","A"
"362","This House","Tracie Spencer","4/4","F#"
"363","Running Up That Hill","Kate Bush","4/4","C"
"364","Baby You're Right","James Brown","4/4","D"
"365","Indiana Wants Me","R Dean Tayloy","4/4","Ab"
"366","Stop This Game","Cheap Trick","4/4","E"
"367","With You I'm Born Again","Billy Preston","3/4","D"
"368","Wake Me Up Before You Go-Go","Wham!","4/4","C"
"369","If I Can Dream","Elvis Presley","12/8","C"
"370","Redneck Friend","Jackson Browne","4/4","E"
"371","Disco Inferno","The Trammps","4/4","C"
"372","Almost by Being In Love","Michael Johnson","4/4","Eb"
"373","Double Shot (Of My Baby's Love)","Swingin' Medallions","4/4","Ab"
"374","Shake Your Groove Thing","Peaches and Herb","4/4","A"
"375","Born To Be Alive","Patrick Hernandez","4/4","D"
"376","Maniac","Michael Sembello","4/4","Eb"
"377","Walk Right In","The Moments","4/4","A"
"378","Surrender","Cheap Trick","4/4","Bb"
"379","Baby I'm Burnin'","Dolly Parton","4/4","B"
"380","Cecilia","Simon & Garfunkel","4/4","B"
"381","Boulevard","Jackson Browne","4/4","A"
"382","Fool That I Am","Etta James","4/4","Db"
"383","Judy","Elvis Presley","4/4","G"
"384","The Look","Roxette","4/4","A"
"385","Dance Away","Roxy","4/4","Eb"
"386","Six Days On The Road","Dave Dudley","4/4","G"
"387","Quarter To Three","Gary U.S. Bonds","4/4","Eb"
"388","Tarzan Boy (From "Teenage Mutant Ninja Turtles III")","Baltimora","4/4","F"
"389","Oh Me, Oh My (Dreams In My Arms)","Al Green","4/4","F"
"390","Along Comes A Woman","Chicago","4/4","D"
"391","Let's work Together","Canned Heat","4/4","G"
"392","Giving You the Best That I Got ","Anita Baker","4/4","A"
"393","Heart Full of Soul","The Yardbirds","4/4","D"
"394","I Found A Love","The Falcons","12/8","G"
"395","I Don't Blame You At All","The Miracles","4/4","Ab"
"396","Amor","Ben E. King","4/4","Bb"
"397","Too Weak To Fight","Clarence Carter","4/4","Db"
"398","Unchained Melody","The Righteous Brothers","12/8","C"
"399","We Are The Champions","Queen","4/4","F"
"400","Southern Cross","Crosby, Stills & Nash","4/4","A"
"401","Talk to me","Chico DeBarge","4/4","Ab"
"402","The Long Run","Eagles","4/4","C"
"403","All she wants is","Duran Duran","4/4","D"
"404","Situation","Yaz","4/4","C#"
"405","Letter Full of Tears","Gladys Knight & The Pips","4/4","E"
"406","Time Is On My Side","Rolling Stones","12/8","F"
"407","Wish Someone Would Care","Irma Thomas","4/4","D"
"408","Hey Stoopid","Alice Cooper","4/4","C"
"409","Tarzan Boy (From "Teenage Mutant Ninja Turtles III")","Baltimora","4/4","F"
"410","I Can Help","Billy Swan","12/8","C"
"411","Sleep Walk","Santo & Johnny","6/8","Db"
"412","The Thrill Is Gone","B.B. King","4/4","B"
"413","I Love","Tom D Hall","4/4","E"
"414","Everlasting Love","Carl Carlton","4/4","A"
"415","Harden My Heart","Quarterflash","4/4","B"
"416","Rocket Ride ","Kiss","4/4","Eb"
"417","I want to take you higher","Sly And The Family Stone","4/4","A"
"418","Hot Child in the City","Nick Gilder","4/4","E"
"419","Simon & Garfunkel","Mrs. Robinson","4/4","A"
"420","His Latest Flame","Elvis Presley","4/4","G"
"421","Everybody Loves Somebody","Dean Martin","4/4","Eb"
"422","If I Could Build My Whole World Around You","Marvin Gaye & Tammy Terrell","4/4","Db"
"423","Twisting the Night Away","Rod Stewart","4/4","D"
"424","Ghostbusters Theme","Ray Parker Jr","4/4","B"
"425","It's Only Make Believe","Glen Campbell","4/4","C"
"426","Higher Ground","Stevie Wonder","12/8","Eb"
"427","Nick of Time","Bonnie Raitt","4/4","C"
"428","Hold On","Wilson Phillips","4/4","F"
"429","Beat It","Michael Jackson","4/4","Eb"
"430","If You really love me","Stevie Wonder","4/4","F"
"431","Maneater","Daryl Hall & John Oates","4/4","B"
"432","Brass Monkey","Beastie Boys","4/4","A"
"433","Little Old Lady From Pasadena","Jan & Dean","4/4","Eb"
"434","After the Lovin'","Engelbert Humperdinck","6/8","C"
"435","Human Nature","Michael Jackson","4/4","D"
"436","Out Of My Mind","Johnny Tillotson","4/4","G"
"437","Think","James Brown","4/4","Eb"
"438","The People In Me","The Music Machine","4/4","Ab"
"439","(Sittin' On) The Dock Of The Bay","Otis Redding","4/4","G"
"440","Caught Up In The Rapture","Anita Baker","4/4","D"
"441","What Have I Done To Deserve This?","Pet Shop Boys ","4/4","C"
"442","Stoned Love","The Supremes","4/4","D"
"443","Hello Dolly","Louis Armstrong","4/4","C"
"444","It's Raining Men","The Weather Girls","4/4","F"
"445","Tainted Love","Soft Cell","4/4","G"
"446","Sunrise","Eric Carmen","4/4","Ab"
"447","Years From Now","Dr. Hook","3/4","G"
"448","In Your Soul","Corey Hart","4/4","A"
"449","Ask Me","Elvis Presley","12/8","D"
"450","Harden My Heart","Quarterflash","4/4","B"
"451","There's the Girl","Heart","4/4","B"
"452","Looking For A Love","The J. Geils Band","4/4","C"
"453","He's so shy","Pointer Sisters","4/4","C"
"454","Looking For A Love","The J. Geils Band","4/4","C"
"455","Big Yellow Taxi","Joni Mitchell","4/4","D"
"456","You Can't Roller Skate In A Buffalo Herd","Roger Miller","4/4","G"
"457","Silent Lucidity","Queensryche","4/4","G"
"458","Heaven's Just A Sin Away","The Kendalls","4/4","F#"
"459","Baby Workout","Jackie Wilson","4/4","F"
"460","Sugar Shack","The Fireballs","4/4","G"
"461","With A Little Help From My Friends","Joe Cocker","4/4","E"
"462","Don't Knock My Love - Pt. 1","Wilson Pickett","4/4","D"
"463","Chained And Bound","Otis Redding","4/4","Bb"
"464","Years Ago","George Harrison","4/4","D"
"465","With Or Without You ","U2","4/4","D"
"466","Brandy","Looking Glass","4/4","E"
"467","That Girl","Stevie Wonder","4/4","Ab"
"468","Feelin' Stronger Every Day","Chicago","4/4","F"
"469","Silent Lucidity","Queensryche","4/4","G"
"470","Need You Tonight","INXS","4/4","C"
"471","On The Road Again","Canned Heat","4/4","E"
"472","The Anaheim, Azusa & Cucamonga Sewing Circle, Book Review And Timing Association","Jan & Dean ","4/4","D"
"473","Queen Of Hearts","Juice Newton","4/4","D"
"474","Tell It Like It Is","The Neville Brothers","12/8","E"
"475","Fever","Rita Coolidge","4/4","A"
"476","Boulevard","Jackson Browne","4/4","A"
"477","Too Many Rivers","Brenda Lee","4/4","Bb"
"478","People Get Ready","Jeff Beck","4/4","D"
"479","Heartaches","Bachman-Turner Overdrive","4/4","E"
"480","Does Anybody Really Know What Time It Is","Chicago","4/4","G"
"481","White Wedding","Billy Idol","4/4","B"
"482","Baby Don't Change Your Mind","Gladys Knight & The Pips","4/4","C"
"483","Living In The Past","Jethro Tull","5/4","C"
"484","This Should Go On Forever","Rod Bernard","4/4","Gb"
"485","Sara Smile","Daryl Hall & John Oates","4/4","D"
"486","Caught Up In The Rapture","Anita Baker","4/4","D"
"487","Some Days Are Diamonds (Some Days Are Stone)","John Denver","4/4","G"
"488","Ko-Ko Joe","Jerry Reed","4/4","A"
"489","Lady (You Bring Me Up)","Commodores","4/4","C"
"490","Rocky Mountain High","John Denver","4/4","E"
"491","Help Is On The Way","Little River Band","4/4","B"
"492","Where Are You","Dinah Washington","4/4","Eb"
"493","Maybe Tomorrow","Badfinger","4/4","A"
"494","For The Good Times","Ray Price","4/4","Eb"
"495","Would It Make Any Difference To You","Etta James","12/8","Ab"
"496","Eight Days A Week","The Beatles","4/4","D"
"497","Breaking Up Is Hard To Do","Neil Sedaka","4/4","B"
"498","Pretty In Pink","Psychedelic Furs","4/4","D"
"499","His Latest Flame","Elvis Presley","4/4","G"
"500","Lucille","Kenny Rogers","3/4","Bb"
"501","Bird Dog","The Everly Brothers","4/4","B"
"502","I Will","Dean Martin","4/4","D"
"503","Getaway","Earth Wind and Fire","4/4","F"
"504","Do I Do","Stevie Wonder","4/4","B"
"505","Shadow Dancing","Andy Gibb","4/4","G"
"506","Living Doll","Cliff Richard","4/4","A"
"507","Love Is A Battlefield","Pat Benatar","4/4","D"
"508","The Power","Snap","4/4","B"
"509","One Way or Another","Blondie","4/4","D"
"510","That Old Black Magic","Louis Prima & Keely Smith","4/4","C"
"511","Baby Can I Hold You ","Tracy Chapman","4/4","D"
"512","Crying Time","Ray Charles","4/4","Ab"
"513","Dyer Maker","Led Zepplin","4/4","C"
"514","I'd Love To Change The World","Ten Years After","4/4","E"
"515","Levon","Elton John","4/4","F"
"516","Smokin' In The Boys Room","Brownsville station","4/4","D"
"517","World In My Eyes","Depeche Mode","4/4","Eb"
"518","Come Monday","Jimmy Buffett","4/4","A"
"519","Foggy Mountain Breakdown","Flatt & Scruggs","4/4","Ab"
"520","Walk Right In","Dr. Hook","4/4","D"
"521","Walk Like A Man","Grand Funk Railroad","4/4","E"
"522","Too Weak To Fight","Clarence Carter","4/4","Db"
"523","Ask Me","Elvis Presley","12/8","D"
"524","The Night Chicago Died","Paper Lace","4/4","C"
"525","That Girl","Stevie Wonder","4/4","Ab"
"526","All Through The Night","Cyndi Lauper","4/4","Ab"
"527","Hair","The Cowsills","4/4","C"
"528","Press","Paul McCartney","4/4","C"
"529","I Want To Walk You Home","Fats Domino","12/8","Db"
"530","Walking In Memphis","Marc Cohn","4/4","C"
"531","Along Comes A Woman","Chicago","4/4","D"
"532","Rescue Me","Fontella Bass","4/4","A"
"533","A Very Special Love Song","Charlie Rich","4/4","C"
"534","Time Is On My Side","Rolling Stones","12/8","F"
"535","On Broadway","The Drifters","4/4","F#"
"536","Because I Love You","Stevie B","4/4","Db"
"537","Hot Child in the City","Nick Gilder","4/4","E"
"538","Soul And Inspiration","The Righteous Brothers","4/4","A"
"539","The Ways Of A Woman In Love","Johnny Cash","4/4","Bb"
"540","Last Date","Floyd Cramer","4/4","C"
"541","Hey Baby","Bruce Channel","4/4","A"
"542","Everybody Loves Me but You","Brenda Lee","12/8","G"
"543","Hungry Eyes ","Eric Carmen","4/4","F"
"544","Almost Grown","Chuck Berry","4/4","G"
"545","My Way ","Elvis Presley","4/4","C"
"546","Catch My Fall","Billy Idol","4/4","G"
"547","I Want You","Marvin Gaye","4/4","C#"
"548","You're The First, The Last, My Everything","Barry White","4/4","F"
"549","I Don't Love You Anymore","Teddy Pendergrass","4/4","G"
"550","Straight From The Heart","The Allman Brothers","4/4","A"
"551","Magic Man","Heart","4/4","G"
"552","Theme From The Dukes Of Hazzard","Waylon Jennings","4/4","F"
"553","True Colors","Cyndi Lauper","4/4","C"
"554","September","Earth, Wind & Fire","4/4","D"
"555","Just A Dream","Jimmy Clanton","12/8","G"
"556","We're All Alone","Rita Coolidge","4/4","G"
"557","You Took The Words Right Out Of My Mouth","Meat Loaf","4/4","G"
"558","On The Wings Of A Nightingale","The Everly Brothers","4/4","A"
"559","Unskinny Bop","Poison","4/4","Ab"
"560","Let's Get Serious","Jermaine Jackson","4/4","Bb"
"561","Super Freak Part One","Rick James","4/4","A"
"562","California Nights","Leslie Gore","4/4","C"
"563","Big Iron","Marty Robbins","4/4","E"
"564","Where Or When","Dion","4/4","Ab"
"565","Blue Jean","David Bowie","4/4","D"
"566","Mercy Mercy Me (The Ecology) ","Marvin Gaye","4/4","E"
"567","Just Like Jesse James","Cher","4/4","Ab"
"568","I Cried A Tear","LaVern Baker","12/8","A"
"569","Lovely Day ","Bill Withers","4/4","E"
"570","50 Ways To Leave Your Lover","Paul Simon","4/4","E"
"571","Just A Friend","Biz Markie","4/4","C"
"572","Journey To The Center Of The Mind","The Amboy Dukes","4/4","A"
"573","Trying To Live My Life Without You","Bob Seger & The Silver Bullet Band","4/4","D"
"574","Sexy Eyes ","Dr. Hook","4/4","C"
"575","Through The Years","Kenny Rogers","4/4","G"
"576","You Can Call Me Al","Paul Simon","4/4","F"
"577","Good Morning Starshine","Oliver","4/4","Bb"
"578","Sweet Love","Anita Baker","4/4","Bb"
"579","Surfin' Safari","The Beach Boys","4/4","A"
"580","When Will I Be Loved","Linda Ronstadt","4/4","E"
"581","Born To Be Wild","Steppenwolf","4/4","E"
"582","Goodbye Yellow Brick Road","Elton John","4/4","F"
"583","If I Could Turn Back Time","Cher","4/4","B"
"584","Burning Down The House","Talking Heads","4/4","D"
"585","I Got My Mind Set On You","George Harrison","4/4","E"
"586","Dance Away","Roxy","4/4","Eb"
"587","Sweet Surrender","Bread","4/4","A"
"588","Liar, Liar","The Castaways","4/4","C"
"589","Do You Love Me","The Contours","4/4","F"
"590","Jump (for My Love)","The Pointer Sisters","4/4","A"
"591","Bad Moon Rising","Creedence Clearwater Revival","4/4","D"
"592","I Saw Her Standing There","The Beatles","4/4","E"
"593","I Like The Way (The Kissing Game) ","Hi-Five","4/4","Bb"
"594","Get Up (I Feel Like Being Like A) Sex Machine (Part 1)","James Brown","4/4","Eb"
"595","Make A Little Magic","Nitty Gritty Dirt Band","4/4","F"
"596","You've Got Another Thing Comin'","Judas Priest","4/4","F#"
"597","Wheels ","The String-A-Longs","4/4","F"
"598","Elvira","Oak Ridge Boys","4/4","C"
"599","Don't Talk To Strangers","Rick Springfield","4/4","E"
"600","And She Was","Talking Heads","4/4","E"
"601","Secret Love","Freddy Fender","4/4","G"
"602","The Battle Of New Orleans","Johnny Horton","4/4","A"
"603","Superman","Donna Fargo","4/4","B"
"604","She Thinks I Still Care","Elvis Presley","4/4","Bb"
"605","Walk This Way","Run-D.M.C.","4/4","E"
"606","Don't stand so close to me","Police","4/4","Eb"
"607","Somebody s Watching Me","Rockwell","4/4","C#"
"608","One","Metallica","4/4","B"
"609","The Way You Do The Things You Do","UB40","4/4","Ab"
"610","Dance Hall Days","Wang Chung","4/4","C"
"611","Me Myself And I","De La Soul","4/4","A"
"612","Baby Don't Change Your Mind","Gladys Knight & The Pips","4/4","C"
"613","Don t You Know What The Night Can Do","Steve Winwood","4/4","A"
"614","Let's Go Get Stoned","Ray Charles","4/4","Db"
"615","Happy Jack","The Who","4/4","D"
"616","War","Edwin Starr","4/4","Eb"
"617","On And On And On","Abba","4/4","C"
"618","A Dream Goes On Forever","Todd Rundgren","4/4","G"
"619","California Nights","Leslie Gore","4/4","C"
"620","I Can't Stand It","Eric Clapton","4/4","D"
"621","I Wish It Would Rain","The Temptations","4/4","Bb"
"622","Country Road","James Taylor","4/4","D"
"623","Honey Honey","ABBA","4/4","F"
"624","Be My Baby","The Ronettes","4/4","E"
"625","Till The End Of The Day","The Kinks","4/4","D"
"626","Teach Your Children","Crosby, Stills & Nash","4/4","D"
"627","Kisses On The Wind","Neneh Cherry","4/4","D"
"628","Time For Me To Fly","REO Speedwagon","4/4","D"
"629","Hold On","Wilson Phillips","4/4","F"
"630","Girl You Know It s True","Milli Vanilli","4/4","Bb"
"631","If Not You","Dr. Hook","4/4","D"
"632","Sweet Caroline (Good Times Never Seemed So Good)","Bobby Womack","4/4","E"
"633","Promises","Eric Clapton","4/4","G"
"634","A Love Song","Anne Murray","4/4","G"
"635","Hot In The City","Billy Idol","4/4","C"
"636","Judy","Elvis Presley","4/4","G"
"637","The Best Disco In Town","The Ritchie Family","4/4","Ab"
"638","Perfidia","The Ventures","4/4","C"
"639","Out Of Sight, Out Of Mind","Little Anthony & The Imperials","4/4","Ab"
"640","Mony Mony","Tommy James","4/4","A"
"641","Dirty Water","Rock And Hyde","4/4","G"
"642","Treat Her Like A Lady","Cornelius Brothers & Sister Rose","4/4","F#"
"643","Eleanor Rigby","Ray Charles","4/4","E"
"644","Cry Like A Baby","The Box Tops","4/4","D"
"645","Feel Like Making Love","Roberta Flack","4/4","Eb"
"646","Like A Rock","Bob Seger","4/4","Ab"
"647","I Found A True Love","Wilson Pickett","4/4","C"
"648","Starting Over Again","Dolly Parton","4/4","Bb"
"649","Riders On The Storm","The Doors","4/4","E"
"650","I Second That Emotion","The Miracles","4/4","D"
"651","Fakin it","Simon & Garfunkel","4/4","E"
"652","The Twist","Chubby Checker","4/4","E"
"653","All I Ever Need Is You","Sonny & Cher","4/4","Bb"
"654","Feelin' Satisfied","Boston","4/4","E"
"655","I Cried A Tear","LaVern Baker","12/8","A"
"656","Eye In The Sky","The Allan Parsons Project","4/4","B"
"657","Miss You","The Rolling Stones","4/4","A"
"658","Take A Chance On Me","Abba","4/4","B"
"659","The Stroke","Billy Squier","4/4","D"
"660","Hello Hello","The Sopwith Camel","4/4","C"
"661","Sweet Soul Music","Arthur Conley","4/4","C"
"662","Breezin'","George Benson","4/4","D"
"663","Coming On Strong","Brenda Lee","4/4","C"
"664","Don't Ask Me Why","Billy Joel","4/4","Bb"
"665","Modern Love","David Bowie","4/4","C"
"666","Little Too Late","Pat Benatar","4/4","E"
"667","Kokomo (From The Cocktail Soundtrack)","The Beach Boys","4/4","C"
"668","The Look Of Love","Isaac Hayes","4/4","C#"
"669","Karma Chameleon","Culture Club","4/4","Bb"
"670","Venus","Bananarama","4/4","E"
"671","Unforgettable","Natalie Cole","4/4","Bb"
"672","Hello Stranger","Barbara Lewis","4/4","C"
"673","Dancing Machine","The Jacksons","4/4","Ab"
"674","You Make Me Feel Like Dancing","Leo Sayer","4/4","E"
"675","Baby I'm Burnin'","Dolly Parton","4/4","B"
"676","If","Bread","4/4","A"
"677","Shapes Of Things","The Yardbirds","4/4","G"
"678","The Bitch Is Back","Elton John","4/4","Ab"
"679","Nightshift","The Commodores","4/4","Ab"
"680","There Goes My Everything","Elvis Presley","3/4","Ab"
"681","Gloria","Laura Branigan","4/4","A"
"682","I Want To Take You Higher","Ike & Tina Turner","4/4","Ab"
"683","Hocus Pocus","Focus","4/4","A"
"684","Freeze-Frame","J. Geils Band","4/4","C"
"685","Baby Come Back","Player","4/4","Eb"
"686","Three Hearts In A Tangle","Roy Drusky","3/4","Db"
"687","Unchained Melody","The Righteous Brothers","12/8","C"
"688","The Millionaire","Dr. Hook","4/4","Eb"
"689","I Drove All Night","Cyndi Lauper","4/4","Ab"
"690","All This Time","Sting","4/4","G"
"691","Time Will Reveal","Debarge","4/4","C"
"692","Play That Funky Music","Wild Cherry","4/4","E"
"693","Disco Inferno","The Trammps","4/4","C"
"694","In The Midnight Hour ","Wilson Pickett","4/4","E"
"695","The Arms Of Orion","Prince & Sheena Easton","6/8","D"
"696","Hey You! Get Off My Mountain","The Dramatics","4/4","D"
"697","Soul Dance Number 3","Wilson Pickett","4/4","E"
"698","Surrender","Cheap Trick","4/4","Bb"
"699","Baby What You Want Me To Do","Jimmy Reed","4/4","E"
"700","Over The Hills and Far Away","Led Zeppelin","4/4","G"
"701","Lucky","Greg Kihn","4/4","A"
"702","We Don t Need Another Hero (Thunderdome)","Tina Turner","4/4","B"
"703","Down And Out In New York City","James Brown","4/4","Db"
"704","Goin' Back","The Byrds","4/4","E"
"705","Sugar Magnolia","The Greatful Dead","4/4","A"
"706","Town Without","Gene Pitney","12/8","B"
"707","Girl I m Gonna Miss You","Milli Vanilli","4/4","A"
"708","Lay Down Sally","Eric Clapton","4/4","A"
"709","It Keeps Right On A-Hurtin'","Johnny Tillotson","4/4","A"
"710","Oh Me Oh My (I'm A Fool For You Baby)","Aretha Franklin","4/4","Bb"
"711","Is There Something I Should Know","Duran Duran","4/4","D"
"712","I've Passed This Way Before","Jimmy Ruffin","4/4","Bb"
"713","Count On Me","Jefferson Starship","4/4","A"
"714","Jamie","Eddie Holland","4/4","Eb"
"715","Hooked On A Feeling","B.J. Thomas","4/4","A"
"716","My Kinda Lover","Billy Squier","4/4","C"
"717","Another Brick In The Wall (Part II)","Pink Floyd","4/4","D"
"718","Heartbreaker","Pat Benatar","4/4","F"
"719","I Walk Alone","Marty Robbins","12/8","C"
"720","My Wish Came True","Elvis Presley","4/4","D"
"721","After The Love Has Gone","Earth, Wind & Fire","4/4","F"
"722","Ain't No Sunshine","Bill Withers","4/4","A"
"723","I've Been Everywhere","Hank Snow","6/8","Db"
"724","Best Of My Love","Eagles","4/4","C"
"725","Tuff Enuff ","The Fabulous Thunderbirds","4/4","B"
"726","This Little Girl","Dion","4/4","Bb"
"727","Sad Eyes","Robert John","4/4","C"
"728","My Hometown","Bruce Springsteen","4/4","A"
"729","Hurts To Be In Love","Gino Vanelli","4/4","E"
"730","Never Can Say Goodbye","Gloria Gaynor","4/4","C"
"731","Must Of Got Lost ","The J. Geils Band","4/4","C"
"732","Every Time I Think Of You","The Babys","4/4","G"
"733","Rock And Roll Never Forgets","Bob Seger","4/4","E"
"734","Be My Guest","Fats Domino","4/4","Bb"
"735","Devil Woman ","Cliff Richard","4/4","D"
"736","Can We Still Be Friends","Todd Rundgren","4/4","C#"
"737","There'll Never Be","Switch","4/4","G"
"738","Take Me Down","Alabama","4/4","C"
"739","All Through The Night","Cyndi Lauper","4/4","Ab"
"740","Make Me Smile","Chicago","4/4","Eb"
"741","Don't Leave Me This Way","Thelma Houston","4/4","C"
"742","There But For Fortune","Joan Baez","4/4","Bb"
"743","Who Will You Run To ","Heart","4/4","A"
"744","He's A Rebel","The Crystals","4/4","F"
"745","I Can Help","Billy Swan","12/8","C"
"746","There's No Other (Like My Baby)","The Crystals","12/8","D"
"747","Look-Ka Py Py","The Meters","4/4","G"
"748","After The Love Has Gone","Earth, Wind & Fire","4/4","F"
"749","Private Dancer","Tina Turner","4/4","G"
"750","Where Are You","Dinah Washington","4/4","Eb"
"751","If I Could Build My Whole World Around You","Marvin Gaye & Tammy Terrell","4/4","Db"
"752","(I was) Born To Cry","Dion","4/4","A"
"753","Rock This Town","Stray Cats","4/4","D"
"754","The Twist","Chubby Checker","4/4","E"
"755","What You See Is What You Get","Tina Turner","4/4","F"
"756","Bust A Move","Young MC","4/4","E"
"757","Ob-La-Di, Ob-La-Da","The Beatles'","4/4","Bb"
"758","It Takes Two ","Rob Base","4/4","G"
"759","Reelin' & Rockin'","Chuck Berry","4/4","G"
"760","Land Of 1000 Dances","Chris Kenner","4/4","Eb"
"761","Never Knew Love Like This Before","Stephanie Mills","4/4","B"
"762","Lonely Weekends","Charlie Rich","4/4","F"
"763","Wichita Lineman","Glen Campbell","4/4","F"
"764","Ebony Eyes","The Everly Brothers","3/4","E"
"765","If I Could Build My Whole World Around You","Marvin Gaye & Tammy Terrell","4/4","Db"
"766","Funny Girl","Barbra Streisand","4/4","Eb"
"767","Will The Wolf Survive","Los Lobos","4/4","G"
"768","Big Iron","Marty Robbins","4/4","E"
"769","A Hazy Shade Of Winter","Simon And Garfunel","4/4","D"
"770","Lonely Weekends","Charlie Rich","4/4","F"
"771","Carry Me","David Crosby,Graham Nash","4/4","E"
"772","Treat Her Right","Roy Head","4/4","G"
"773","Invisible Touch","Genesis","4/4","F"
"774","One Less Bell To Answer","The 5th Dimension","4/4","D"
"775","Those Lazy-Hazy-Crazy Days Of Summer","Nat King Cole","4/4","Bb"
"776","Cruisin'","Smokey Robinson","4/4","E"
"777","Mighty Good Lovin'","The Miracles","4/4","Eb"
"778","Loving Her Was Easier","Kris Kristofferson","4/4","C"
"779","Get Together","The Youngbloods","4/4","A"
"780","Torn Between Two Lovers","Mary MacGregor","4/4","Bb"
"781","Are You Sure Hank Done It This Way","Waylon Jennings","4/4","B"
"782","Oh Father","Madonna","4/4","F"
"783","Talk Back Trembling Lips","Johnny Tillotson","4/4","A"
"784","Hard Days Night","The Beatles","4/4","G"
"785","I Love A Rainy Night","Eddie Rabbitt","4/4","C"
"786","Tell Me What You Want Me To Do","Tevin Campbell","4/4","Db"
"787","Abraham, Martin And John","Dion","4/4","E"
"788","A Cowboy's Work Is Never Done","Sonny & Cher","4/4","C"
"789","I Don t Want Your Love","Duran Duran","4/4","D"
"790","Going To Chicago Blues","Count Basie","4/4","Eb"
"791","Rock This Town","Stray Cats","4/4","D"
"792","Soul And Inspiration","The Righteous Brothers","4/4","A"
"793","Love Came To Me","Dion","4/4","G"
"794","The Sounds Of Silence","Simon & Garfunkel","4/4","Cb"
"795","Think Of Me","Buck Owens","4/4","B"
"796","Running On Empty ","Jackson Browne","4/4","A"
"797","Easy","The Commodores","4/4","Ab"
"798","I Got Stripes","Johnny Cash","4/4","Db"
"799","Daddy's Home","Cliff Richard","4/4","E"
"800","Cruisin'","Smokey Robinson","4/4","E"
"801","My Love","Paul McCartney & Wings","4/4","F"
"802","Ten Percent","Double Exposure","4/4","C"
"803","I Cried A Tear","LaVern Baker","12/8","A"
"804","Rebel Yell","Billy Idol","4/4","B"
"805","Ode To Billie Joe","Bobbie Gentry","4/4","D"
"806","Right Here, Right Now","Jesus Jones","4/4","D"
"807","Summertime Blues","Blue Cheer","4/4","C"
"808","Night Moves","Bob Seger","4/4","Ab"
"809","Live To Tell","Madonna","4/4","D"
"810","Happy Anniversary","Little River Band","4/4","E"
"811","Against The Wind","Bob Seger","4/4","G"
"812","I Want You Back","The Jacksons","4/4","Ab"
"813","Lucky Man","Emerson, Lake & Palmer","4/4","G"
"814","Kicks","Paul Revere & The Raiders","4/4","F"
"815","My World Fell Down","Sagittarius","4/4","Ab"
"816","Private Dancer","Tina Turner","4/4","G"
"817","Baby, Baby Don't Cry","The Miracles","4/4","F"
"818","Man In The Mirror","Michael Jackson","4/4","G"
"819","Only Sixteen","Dr. Hook","4/4","F"
"820","Standing In The Shadows Of Love","Four Tops","4/4","Bb"
"821","She's A Woman","The Beatles","4/4","Ab"
"822","The Year That Clayton Delaney Died","Tom T. Hall","4/4","Db"
"823","I Won't Stand In Your Way","Stray Cats","12/8","Eb"
"824","Echoes Of Love","The Doobie Brothers","4/4","A"
"825","Three Times A Lady","The Commodores","3/4","Ab"
"826","Island Of Lost Souls","Blondie","4/4","D"
"827","Heartbreaker","Pat Benatar","4/4","F"
"828","Even Now","Bob Seger","4/4","E"
"829","Lovers Who Wander","Dion","4/4","C"
"830","You Don't Own Me","Lesley Gore","4/4","G"
"831","Baby Don't Go","Sonny & Cher","4/4","C"
"832","I Don't Want To Spoil The Party","The Beatles","4/4","G"
"833","Last Dance","Donna Summer","4/4","Eb"
"834","Behind Closed Doors","Charlie Rich","4/4","Gb"
"835","Get Ready","Rare Earth","4/4","D"
"836","I'm In Love","Wilson Pickett","4/4","E"
"837","Carrie","Cliff Richard","4/4","D"
"838","I'll Tumble 4 Ya","Culture Club","4/4","C"
"839","I've Got A Tiger By The Tail","Buck Owens","4/4","E"
"840","All she wants is","Duran Duran","4/4","D"
"841","Chicago","25 or 6 to 4","4/4","A"
"842","Saturday Night","Bay City Rollers","4/4","G"
"843","You've got a Friend","Roberta Flack and Donny Hathaway","4/4","Ab"
"844","Heaven Must Have Sent You","Bonnie Pointer","4/4","C"
"845","Amanda","Boston","4/4","G"
"846","For Ol' Times Sake","Elvis Presley","4/4","Bb"
"847","Something About You","Level 42","4/4","E"
"848","Will You Love Me Tomorrow","The Shirelles","4/4","C"
"849","Alive Again","Chicago","4/4","Bb"
"850","Last Dance","Donna Summer","4/4","Eb"
"851","Help!","The Beatles","4/4","A"
"852","Paper Roses","Marie Osmond","4/4","Ab"
"853","Happy Man ","Greg Kihn Band","4/4","G"
"854","20-75","Willie Mitchell","4/4","C"
"855","That's Old Fashioned (That's The Way Love Should Be)","The Everly Brothers","4/4","G"
"856","Rock'n Me","Steve Miller Band","4/4","B"
"857","Baby Don't Change Your Mind","Gladys Knight & The Pips","4/4","C"
"858","All Alone Am I","Brenda Lee","6/8","F"
"859","Abacab","Genesis","4/4","C"
"860","Lovin' You","Minnie Riperton","4/4","A"
"861","Lady","Kenny Rogers","4/4","Eb"
"862","Right Here, Right Now","Jesus Jones","4/4","D"
"863","El Condor Pasa","Simon & Garfunkel","4/4","E"
"864","Baby What You Want Me To Do","Jimmy Reed","4/4","E"
"865","If I Were A Carpenter","Bobby Darin","4/4","D"
"866","Honky Tonk Women","The Rolling Stones","4/4","G"
"867","Rock and Roll, Hoochie Koo","Rick Derringer","4/4","A"
"868","Frankenstein","Edgar Winter","4/4","G"
"869","Who Wears These Shoes","Elton John","4/4","B"
"870","Lambada","Kaoma","4/4","D"
"871","The Rose","Bette Midler","4/4","C"
"872","Sidewalk Surfin'","Jan & Dean","4/4","D"
"873","We Don't Talk Anymore","Cliff Richard","4/4","C"
"874","She Bop","Cyndi Lauper","4/4","A"
"875","Baby Don t Forget My Number","Milli Vanilli","4/4","Ab"
"876","American Storm","Bob Seger","4/4","A"
"877","Let The Music Play ","Shannon","4/4","C"
"878","Treat Her Like A Lady","Cornelius Brothers & Sister Rose","4/4","F#"
"879","When It's Love","Van Halen","4/4","D"
"880","Crackerbox Palace","George Harrison","4/4","Bb"
"881","Standing In The Shadows Of Love","Four Tops","4/4","Bb"
"882","Upside Down","Diana Ross","4/4","G"
"883","Sukiyaki","A Taste Of Honey","4/4","Eb"
"884","Johnny Reb","Johnny Horton","4/4","E"
"885","There She Goes","The Las","4/4","G"
"886","Happy Together","The Turtles","4/4","F#"
"887","He's So Fine","The Chiffons","4/4","G"
"888","White Wedding","Billy Idol","4/4","B"
"889","Ebony Eyes","The Everly Brothers","3/4","E"
"890","Where The Streets Have No Names","Pet Shop Boys","4/4","Bb"
